Año,Mes,Total,Ilocalizable,No Contesta,D. Incorrectos,Duplicados,Efectivos,Abiertos,Ventas,Conversion 
2024.0,1,0.0,0,0,0,0,0.0,0,0,0.0
2024.0,2,543.0,108,33,0,1,389.0,1,12,3.1
2024.0,3,178.0,37,13,0,0,128.0,1,7,5.5
2024.0,4,416.0,79,46,3,0,288.0,1,8,2.8
2024.0,5,422.0,33,100,17,0,274.0,5,13,4.7
2024.0,6,967.0,140,173,31,3,620.0,17,6,1.0
2024.0,7,954.0,112,251,12,9,570.0,5,21,3.7
2024.0,8,1409.0,504,324,17,18,546.0,22,17,3.1
2024.0,9,1315.0,431,314,14,26,530.0,42,17,3.2
2024.0,10,1973.0,514,606,18,13,822.0,72,23,2.8
2024.0,11,1562.0,153,321,44,4,1040.0,79,22,2.1
2024.0,12,1282.0,374,193,60,53,965.0,330,32,3.3
2025.0,1,1042.0,17,104,62,136,723.0,222,26,3.6
2025.0,2,561.0,9,39,14,31,468.0,150,20,4.3
2025.0,3,925.0,39,98,3,54,731.0,125,30,4.1
2025.0,4,1149.0,51,134,8,84,872.0,141,30,3.4
2025.0,5,815.0,5,75,2,14,574.0,179,34,5.9
2025.0,6,1083.0,62,266,5,56,694.0,315,40,5.8
2025.0,7,1358.0,128,241,3,93,893.0,290,36,4.0
2025.0,8,1419.0,81,591,7,59,681.0,338,27,4.0
2025.0,9,1100.0,32,401,9,18,660.0,229,38,5.8
2025.0,10,1192.0,67,413,0,17,695.0,288,40,5.8
2025.0,11,1061.0,46,218,1,52,744.0,488,41,5.5
2025.0,12,1534.0,125,194,34,44,729.0,823,34,4.7
2026.0,1,1516.0,148,187,52,53,714.0,602,37,5.2
2026.0,2,1235.0,116,106,8,31,730.0,523,30,4.1
2026.0,3,1785.0,228,184,48,32,944.0,698,38,4.0
2026.0,4,1393.0,212,123,38,28,724.0,559,41,5.7
2026.0,5,1251.0,158,116,25,19,736.0,458,35,4.8
