anio,mes,mes_num,canal,ventas,leads_generados,leads_efectivos,cita_programada,cita_efectiva,prueba_de_manejo,solicitud_de_credito_generada,solicitud_de_credito_aprobada,cerrador,formalizado
2025,Abril,4,Digital,5,749,500,70,30,17,6,5,,2
2025,Abril,4,Gran Patio,4,113,110,15,13,8,9,5,,2
2025,Abril,4,Otros,2,28,27,11,11,1,16,6,,0
2025,Abril,4,Piso,13,43,43,43,43,28,13,11,,8
2025,Abril,4,Plaza Angelopolis,4,188,166,34,16,16,10,6,,4
2025,Abril,4,Prospeccion,2,28,27,1,1,0,5,2,,1
2025,Agosto,8,Custom,0,7,7,9,7,1,0,0,,0
2025,Agosto,8,Digital,9,827,239,135,51,31,29,8,,4
2025,Agosto,8,Galerias Tlaxcala,1,102,62,13,9,8,6,3,,0
2025,Agosto,8,Otros,4,70,37,10,8,5,22,4,,2
2025,Agosto,8,Piso,7,71,71,71,71,44,22,5,,4
2025,Agosto,8,Plaza Angelopolis,5,295,183,50,36,23,19,7,,3
2025,Agosto,8,Prospeccion,1,47,25,12,12,11,1,0,,0
2025,Diciembre,12,Digital,8,908,576,90,51,23,39,7,,4
2025,Diciembre,12,Galerias Tlaxcala,1,73,69,10,10,5,6,2,,0
2025,Diciembre,12,Otros / Cartera / Casa,8,225,198,78,67,67,11,5,,3
2025,Diciembre,12,Piso,9,76,76,76,76,22,27,9,,5
2025,Diciembre,12,Plaza Angelopolis,8,252,218,36,31,13,28,8,,2
2025,Enero,1,Digital,9,760,465,74,37,22,21,6,7,
2025,Enero,1,Galerias Tlaxcala,3,46,43,9,5,9,9,3,2,
2025,Enero,1,Otros,2,37,32,18,3,7,6,2,1,
2025,Enero,1,Piso,10,76,71,47,36,34,34,13,7,
2025,Enero,1,Plaza Angelopolis,2,110,99,41,28,14,12,5,2,
2025,Enero,1,Plaza Moraledas,0,13,13,1,1,3,1,1,0,
2025,Febrero,2,Digital,4,210,141,34,27,24,28,6,,3
2025,Febrero,2,Gran Patio,0,70,68,11,9,6,3,0,,0
2025,Febrero,2,Otros,4,15,13,5,5,6,4,4,,0
2025,Febrero,2,Piso,11,64,61,34,31,31,23,14,,7
2025,Febrero,2,Plaza Angelopolis,1,90,82,18,14,14,13,3,,1
2025,Febrero,2,Prospeccion,0,88,81,15,15,16,4,0,,0
2025,Julio,7,Digital,9,699,391,89,45,33,29,12,,7
2025,Julio,7,Gran Patio,4,141,86,10,7,2,9,4,,2
2025,Julio,7,Otros,5,34,20,14,14,6,17,5,,1
2025,Julio,7,Piso,7,63,63,63,63,38,14,5,,2
2025,Julio,7,Plaza Angelopolis,10,351,278,53,44,35,27,13,,8
2025,Julio,7,Prospeccion,1,55,44,17,10,9,8,2,,1
2025,Junio,6,Digital,12,576,292,69,34,21,19,10,,5
2025,Junio,6,Gran Patio,4,96,80,16,21,10,12,6,,4
2025,Junio,6,Otros,5,53,36,20,16,10,25,10,,5
2025,Junio,6,Piso,10,59,59,59,59,31,13,9,,6
2025,Junio,6,Plaza Angelopolis,9,259,200,51,39,35,23,10,,5
2025,Junio,6,Prospeccion,0,40,27,11,8,4,5,1,,0
2025,Marzo,3,Digital,12,491,344,57,26,16,13,10,,8
2025,Marzo,3,Gran Patio,1,110,105,12,10,8,11,1,,1
2025,Marzo,3,Otros,6,47,37,2,2,4,21,6,,1
2025,Marzo,3,Piso,9,80,80,80,80,32,28,8,,6
2025,Marzo,3,Plaza Angelopolis,2,162,135,20,15,12,16,4,,2
2025,Marzo,3,Prospeccion,0,35,30,10,7,5,3,1,,0
2025,Mayo,5,Digital,9,361,273,37,32,26,14,10,,5
2025,Mayo,5,Gran Patio,3,114,103,14,13,9,14,6,,3
2025,Mayo,5,Otros,6,37,29,3,2,7,20,10,,4
2025,Mayo,5,Piso,12,65,65,65,65,34,16,6,,3
2025,Mayo,5,Plaza Angelopolis,3,157,143,15,14,14,9,6,,3
2025,Mayo,5,Prospeccion,2,81,76,32,31,31,3,2,,1
2025,Noviembre,11,Digital,14,554,342,97,55,22,42,10,,6
2025,Noviembre,11,Galerias Tlaxcala,1,64,39,7,3,4,5,3,,0
2025,Noviembre,11,Otros / Cartera / Casa,8,129,94,75,42,12,21,13,,5
2025,Noviembre,11,Piso,9,81,81,81,81,43,21,13,,8
2025,Noviembre,11,Plaza Angelopolis,10,210,170,53,29,29,28,9,,5
2025,Noviembre,11,Prospeccion,0,23,18,2,1,0,1,1,,0
2025,Octubre,10,Digital,10,688,329,110,60,32,50,14,,6
2025,Octubre,10,Galerias Tlaxcala,2,56,39,27,8,10,8,2,,1
2025,Octubre,10,Otros / Cartera / Casa,7,64,34,37,33,15,21,8,,6
2025,Octubre,10,Piso,11,72,72,72,72,48,24,14,,6
2025,Octubre,10,Plaza Angelopolis,10,268,187,50,40,33,30,12,,6
2025,Octubre,10,Prospeccion,0,44,34,8,7,9,3,1,,0
2025,Septiembre,9,Digital,15,676,344,125,73,31,36,12,,6
2025,Septiembre,9,Galerias Tlaxcala,3,67,37,10,9,9,9,4,,3
2025,Septiembre,9,Otros / Custom,1,36,27,13,12,8,24,8,,7
2025,Septiembre,9,Piso,7,58,58,58,58,31,21,6,,4
2025,Septiembre,9,Plaza Angelopolis,12,245,180,64,45,32,35,13,,5
2025,Septiembre,9,Prospeccion,0,18,14,3,3,3,2,0,,0
2026,Abril,4,Digital,8,834,179,83,59,35,32,14,,4
2026,Abril,4,Otros,16,67,66,7,4,13,7,5,,1
2026,Abril,4,Piso,9,79,79,12,10,36,18,10,,7
2026,Abril,4,Plaza Angelopolis,4,208,208,23,15,17,13,9,,4
2026,Abril,4,Plaza Pachuca,1,55,55,8,7,6,2,1,,0
2026,Abril,4,Plaza Tlaxcala,2,88,88,10,9,7,2,2,,0
2026,Abril,4,Prospeccion,1,62,49,3,1,3,0,0,,0
2026,Enero,1,Digital,6,922,674,110,56,22,23,6,,3
2026,Enero,1,Galerias Tlaxcala,2,76,65,9,9,9,5,2,,2
2026,Enero,1,Otros,17,93,88,33,32,34,24,9,,6
2026,Enero,1,Piso,6,105,105,105,105,46,28,8,,4
2026,Enero,1,Plaza Angelopolis,3,210,193,14,10,6,19,5,,3
2026,Enero,1,Prospeccion,4,93,92,3,3,29,14,5,,3
2026,Febrero,2,Digital,13,635,457,85,43,22,21,9,,4
2026,Febrero,2,Galerias Tlaxcala,0,62,58,21,21,11,2,0,,0
2026,Febrero,2,Otros,5,211,206,126,124,21,19,5,,1
2026,Febrero,2,Piso,7,94,94,94,94,28,18,12,,7
2026,Febrero,2,Plaza Angelopolis,5,230,200,89,36,19,21,10,,4
2026,Febrero,2,Prospeccion,1,41,30,19,19,8,2,1,,1
2026,Junio,6,Custom,0,11,11,8,6,7,0,0,,0
2026,Junio,6,Digital,7,748,200,101,53,28,28,7,,2
2026,Junio,6,Gran Patio Tlaxcala,2,81,81,43,25,8,1,1,,0
2026,Junio,6,Otros,9,49,37,11,9,9,14,5,,2
2026,Junio,6,Piso,11,85,84,28,25,42,22,15,,6
2026,Junio,6,Plaza Angelopolis,4,250,250,41,21,27,9,4,,2
2026,Junio,6,Plaza Pachuca,4,72,72,16,13,6,6,3,,0
2026,Junio,6,Prospeccion,0,19,19,3,2,1,1,0,,0
2026,Marzo,3,Digital,11,980,618,78,36,25,16,8,,6
2026,Marzo,3,Galerias Tlaxcala,0,87,58,20,17,8,0,0,,0
2026,Marzo,3,Otros,17,230,185,48,44,15,15,7,,2
2026,Marzo,3,Piso,8,105,105,105,105,41,24,14,,7
2026,Marzo,3,Plaza Angelopolis,5,217,182,37,28,25,22,9,,3
2026,Marzo,3,Plaza Pachuca,2,88,87,20,15,5,4,2,,1
2026,Marzo,3,Prospeccion,0,59,38,17,7,4,8,3,,0
2026,Mayo,5,Custom,0,10,10,7,5,7,0,0,,0
2026,Mayo,5,Digital,9,667,169,139,103,37,30,8,,3
2026,Mayo,5,Gran Patio Tlaxcala,1,115,115,13,9,8,5,2,,0
2026,Mayo,5,Otros,9,43,41,11,10,14,19,11,,5
2026,Mayo,5,Piso,9,115,115,107,91,47,24,14,,6
2026,Mayo,5,Plaza Angelopolis,3,198,193,35,22,18,9,5,,2
2026,Mayo,5,Plaza Pachuca,3,39,39,21,19,6,4,1,,1
2026,Mayo,5,Prospeccion,1,64,53,22,8,6,4,3,,1
