Fecha,Leads Plaza,Leads Digitales,Leads Piso,Ventas Totales,Revisar_Outlier_Piso
2024-02-01,0,57,329,12,True
2024-03-01,0,145,19,7,True
2024-04-01,25,129,76,8,False
2024-05-01,28,463,87,13,False
2024-06-01,68,350,55,6,False
2024-07-01,294,192,92,21,False
2024-08-01,248,1112,77,17,False
2024-09-01,52,1353,57,17,False
2024-10-01,59,1142,43,23,False
2024-11-01,154,846,50,22,False
2024-12-01,280,755,64,32,False
2025-01-01,172,202,71,26,False
2025-02-01,184,207,64,20,False
2025-03-01,275,491,80,30,False
2025-04-01,301,749,43,30,False
2025-05-01,275,361,65,34,False
2025-06-01,355,576,59,40,False
2025-07-01,492,699,63,36,False
2025-08-01,397,827,71,27,False
2025-09-01,312,676,58,38,False
2025-10-01,324,688,72,40,False
2025-11-01,274,554,81,41,False
2025-12-01,325,908,76,34,False
2026-01-01,290,922,97,38,False
2026-02-01,433,635,94,30,False
2026-03-01,401,980,105,41,False
2026-04-01,351,834,79,41,False
2026-05-01,352,667,115,35,False
2026-06-01,403,748,85,37,False
